                  epoch,         train/box_loss,         train/cls_loss,         train/dfl_loss,   metrics/precision(B),      metrics/recall(B),       metrics/mAP50(B),    metrics/mAP50-95(B),           val/box_loss,           val/cls_loss,           val/dfl_loss,                 lr/pg0,                 lr/pg1,                 lr/pg2
                      0,                 1.4377,                  2.299,                 1.5851,                0.18004,                0.32075,                0.13141,                0.04203,                 2.1622,                 3.4381,                 2.6697,             0.00065854,             0.00065854,             0.00065854
                      1,                  1.542,                 2.0005,                 1.6843,                0.22696,                0.29006,                0.15709,                0.05459,                 2.5639,                 3.4531,                 2.7874,              0.0013186,              0.0013186,              0.0013186
                      2,                 1.5847,                 1.7658,                 1.6994,                0.32804,                0.40738,                0.28477,                0.11249,                 1.8687,                 4.6791,                 2.2729,              0.0019722,              0.0019722,              0.0019722
                      3,                 1.5648,                  1.694,                 1.6765,                0.36045,                0.52744,                0.35292,                 0.1522,                 1.8986,                 2.5932,                 2.2585,              0.0019703,              0.0019703,              0.0019703
                      4,                 1.5374,                 1.6316,                 1.6584,                 0.4817,                0.50086,                0.42496,                0.19843,                 1.7738,                 2.0158,                 2.0741,              0.0019703,              0.0019703,              0.0019703
                      5,                 1.4953,                 1.6001,                 1.6378,                0.48561,                0.51372,                0.46101,                0.22127,                 1.7545,                 1.7403,                 2.0052,              0.0019604,              0.0019604,              0.0019604
                      6,                 1.4696,                 1.5157,                 1.6073,                0.58455,                 0.5506,                0.55174,                0.26475,                 1.7205,                 1.6288,                 1.9839,              0.0019505,              0.0019505,              0.0019505
                      7,                  1.443,                 1.4769,                 1.5854,                0.56709,                0.60463,                0.57811,                0.32526,                 1.5154,                 1.5218,                 1.8044,              0.0019406,              0.0019406,              0.0019406
                      8,                 1.4132,                 1.4662,                 1.5643,                0.59828,                0.65437,                0.59612,                0.33249,                 1.4407,                 1.3984,                  1.683,              0.0019307,              0.0019307,              0.0019307
                      9,                 1.4044,                  1.428,                   1.56,                  0.596,                0.59863,                 0.5785,                0.32884,                 1.4718,                 1.5031,                 1.7341,              0.0019208,              0.0019208,              0.0019208
                     10,                 1.3637,                 1.4109,                 1.5263,                0.58835,                 0.6458,                0.61026,                0.33623,                 1.5408,                 1.4927,                 1.8055,              0.0019109,              0.0019109,              0.0019109
                     11,                 1.3608,                 1.3899,                 1.5341,                0.60391,                0.60805,                0.61507,                0.34746,                 1.4966,                  1.387,                 1.8005,               0.001901,               0.001901,               0.001901
                     12,                 1.3631,                 1.3423,                 1.5152,                0.58497,                0.64065,                0.60506,                 0.3485,                 1.4199,                 1.4081,                 1.6638,              0.0018911,              0.0018911,              0.0018911
                     13,                 1.3387,                 1.3365,                 1.4978,                0.58794,                0.55557,                0.55533,                0.31273,                 1.5067,                 1.5305,                 1.7177,              0.0018812,              0.0018812,              0.0018812
                     14,                 1.3058,                 1.3081,                 1.4766,                0.63314,                0.65865,                 0.6619,                0.38109,                 1.4279,                 1.2788,                 1.6902,              0.0018713,              0.0018713,              0.0018713
                     15,                 1.2854,                 1.2802,                 1.4602,                0.68024,                 0.6681,                0.68859,                0.41954,                  1.349,                 1.2447,                 1.6215,              0.0018614,              0.0018614,              0.0018614
                     16,                 1.2989,                 1.3172,                 1.4698,                0.65373,                0.65899,                0.69205,                0.41909,                 1.3769,                 1.2304,                 1.6154,              0.0018515,              0.0018515,              0.0018515
                     17,                 1.2704,                 1.2397,                 1.4422,                0.64517,                0.68525,                0.68936,                0.42589,                 1.3411,                 1.2591,                 1.6216,              0.0018416,              0.0018416,              0.0018416
                     18,                  1.276,                 1.2311,                 1.4501,                0.67525,                 0.6964,                0.70691,                0.43488,                 1.3492,                 1.1635,                 1.6314,              0.0018317,              0.0018317,              0.0018317
                     19,                 1.2611,                 1.2165,                 1.4467,                0.68782,                0.69468,                0.73397,                 0.4627,                 1.3195,                 1.1175,                 1.5725,              0.0018218,              0.0018218,              0.0018218
                     20,                 1.2586,                 1.1842,                 1.4344,                0.70305,                0.70069,                 0.7444,                0.44952,                 1.3825,                  1.156,                 1.6346,              0.0018119,              0.0018119,              0.0018119
                     21,                 1.2539,                 1.1769,                 1.4333,                0.68493,                0.69914,                0.70796,                0.43245,                 1.3468,                 1.1872,                  1.603,               0.001802,               0.001802,               0.001802
                     22,                 1.2382,                   1.15,                  1.427,                0.70128,                0.71269,                0.73441,                0.47132,                 1.2891,                 1.0891,                 1.5559,              0.0017921,              0.0017921,              0.0017921
                     23,                 1.2295,                 1.1832,                 1.4257,                 0.7222,                0.67324,                0.73136,                0.45803,                 1.3179,                  1.143,                 1.5889,              0.0017822,              0.0017822,              0.0017822
                     24,                 1.2094,                 1.1236,                 1.3896,                0.71103,                0.69039,                0.74136,                 0.4703,                  1.296,                 1.1185,                 1.5542,              0.0017723,              0.0017723,              0.0017723
                     25,                 1.2195,                 1.1395,                 1.4122,                0.72999,                0.73039,                0.76656,                0.46924,                 1.3252,                   1.06,                  1.598,              0.0017624,              0.0017624,              0.0017624
                     26,                 1.2038,                 1.1058,                 1.4043,                 0.6935,                0.72576,                0.76119,                0.47222,                 1.3387,                 1.0543,                 1.5684,              0.0017525,              0.0017525,              0.0017525
                     27,                 1.2002,                 1.0879,                 1.4002,                0.71312,                 0.6801,                0.73892,                0.47208,                 1.2926,                 1.1037,                 1.5322,              0.0017426,              0.0017426,              0.0017426
                     28,                  1.197,                 1.1632,                 1.3717,                0.74339,                0.65609,                0.72395,                0.45137,                 1.3169,                 1.1457,                 1.5653,              0.0017327,              0.0017327,              0.0017327
                     29,                 1.2127,                 1.0866,                 1.3922,                0.72855,                0.72213,                 0.7705,                 0.4955,                 1.2912,                 1.0304,                 1.5452,              0.0017228,              0.0017228,              0.0017228
                     30,                 1.1946,                 1.0848,                 1.3847,                0.71954,                0.72384,                0.75665,                0.49436,                 1.2502,                 1.0222,                 1.5272,              0.0017129,              0.0017129,              0.0017129
                     31,                 1.1904,                 1.0499,                 1.3753,                0.70919,                0.74014,                0.76745,                0.49399,                 1.2738,                 1.0105,                 1.5166,               0.001703,               0.001703,               0.001703
                     32,                 1.1718,                 1.0371,                  1.374,                0.71966,                0.74443,                 0.7726,                 0.5002,                 1.2662,                 1.0013,                 1.5157,              0.0016931,              0.0016931,              0.0016931
                     33,                 1.1799,                 1.0422,                 1.3685,                   0.74,                0.72253,                0.76648,                0.48446,                 1.3208,                 1.0029,                  1.554,              0.0016832,              0.0016832,              0.0016832
                     34,                 1.1768,                  1.025,                 1.3667,                0.71962,                0.69897,                0.75109,                0.45923,                 1.3871,                 1.0866,                 1.5993,              0.0016733,              0.0016733,              0.0016733
                     35,                 1.1712,                 1.0322,                 1.3642,                0.67621,                 0.7187,                0.73621,                0.46978,                 1.2951,                 1.1257,                 1.5383,              0.0016634,              0.0016634,              0.0016634
                     36,                 1.1412,                 1.0027,                 1.3408,                0.76319,                0.72415,                0.78102,                0.50893,                 1.2692,                0.98511,                 1.5133,              0.0016535,              0.0016535,              0.0016535
                     37,                 1.1599,                0.97958,                 1.3511,                0.79075,                0.72596,                0.79826,                0.51805,                 1.2681,                 0.9636,                 1.5103,              0.0016436,              0.0016436,              0.0016436
                     38,                 1.1247,                0.97147,                 1.3279,                0.76676,                0.73499,                 0.7818,                0.50469,                 1.2601,                0.97602,                 1.5198,              0.0016337,              0.0016337,              0.0016337
                     39,                 1.1157,                0.97122,                 1.3271,                0.76748,                0.73413,                0.78807,                0.50389,                 1.2821,                0.98561,                 1.5231,              0.0016238,              0.0016238,              0.0016238
                     40,                 1.1422,                0.97677,                 1.3376,                0.72842,                0.71538,                0.77417,                0.49237,                 1.2717,                 1.0339,                 1.5218,              0.0016139,              0.0016139,              0.0016139
                     41,                 1.1191,                0.93991,                 1.3175,                0.70483,                0.76592,                0.76672,                0.49087,                 1.2596,                 1.0383,                 1.4886,               0.001604,               0.001604,               0.001604
                     42,                 1.1259,                 0.9812,                 1.3307,                0.72746,                0.75386,                0.78553,                0.51121,                 1.2702,                0.96361,                  1.512,              0.0015941,              0.0015941,              0.0015941
                     43,                 1.1024,                0.96079,                 1.3072,                0.73595,                 0.7721,                0.79109,                0.52042,                 1.2219,                0.99276,                 1.4897,              0.0015842,              0.0015842,              0.0015842
                     44,                 1.1214,                0.94361,                 1.3242,                0.76417,                0.75035,                0.78155,                0.50473,                 1.2447,                0.96176,                 1.5049,              0.0015743,              0.0015743,              0.0015743
                     45,                 1.1031,                 0.9319,                 1.3106,                0.74194,                0.75043,                0.78971,                0.51066,                 1.2754,                 0.9657,                 1.5221,              0.0015644,              0.0015644,              0.0015644
                     46,                 1.0875,                0.90616,                 1.2983,                0.76608,                0.75275,                0.79429,                 0.5204,                 1.2431,                0.93572,                  1.496,              0.0015545,              0.0015545,              0.0015545
                     47,                 1.0971,                0.91239,                  1.317,                0.76053,                0.75177,                0.80017,                0.52499,                 1.2442,                 0.9322,                 1.5116,              0.0015446,              0.0015446,              0.0015446
                     48,                 1.1138,                0.91543,                 1.3134,                0.78768,                0.72899,                0.78896,                0.51693,                 1.2489,                0.93099,                 1.5059,              0.0015347,              0.0015347,              0.0015347
                     49,                 1.0739,                0.89384,                 1.2917,                0.78531,                0.74351,                0.80696,                0.53565,                 1.2134,                0.91652,                  1.479,              0.0015248,              0.0015248,              0.0015248
                     50,                 1.0798,                0.89209,                 1.2921,                0.76199,                0.76331,                0.80321,                0.53358,                 1.2249,                0.91348,                 1.4893,              0.0015149,              0.0015149,              0.0015149
                     51,                 1.0782,                 0.8738,                  1.285,                  0.762,                0.77983,                0.80312,                 0.5285,                 1.2392,                0.89114,                 1.4852,               0.001505,               0.001505,               0.001505
                     52,                 1.0748,                  0.882,                 1.2879,                0.77957,                0.74528,                0.80242,                0.53448,                 1.2278,                0.91712,                 1.4601,              0.0014951,              0.0014951,              0.0014951
                     53,                 1.0747,                0.87551,                 1.2892,                0.71748,                0.81304,                0.80199,                0.52809,                 1.2164,                0.91505,                 1.4645,              0.0014852,              0.0014852,              0.0014852
                     54,                 1.0469,                0.93984,                 1.2612,                0.77281,                  0.747,                0.80876,                0.53672,                 1.2276,                 0.8968,                 1.4842,              0.0014753,              0.0014753,              0.0014753
                     55,                 1.0552,                0.86458,                 1.2823,                 0.7773,                0.74236,                0.79021,                0.52164,                 1.2395,                0.92988,                 1.4871,              0.0014654,              0.0014654,              0.0014654
                     56,                  1.059,                0.85385,                 1.2712,                0.73747,                0.77101,                0.80053,                0.52396,                  1.246,                0.91246,                 1.4696,              0.0014555,              0.0014555,              0.0014555
                     57,                 1.0666,                0.85797,                  1.279,                0.76798,                0.76844,                0.80287,                 0.5374,                  1.238,                0.88766,                  1.475,              0.0014456,              0.0014456,              0.0014456
                     58,                 1.0697,                0.86221,                 1.2937,                0.80159,                0.76244,                0.82368,                0.54045,                 1.2577,                0.90044,                 1.4958,              0.0014357,              0.0014357,              0.0014357
                     59,                 1.0324,                0.82448,                 1.2659,                0.77347,                0.76587,                0.79815,                0.51758,                 1.2431,                0.93897,                 1.4997,              0.0014258,              0.0014258,              0.0014258
                     60,                 1.0286,                0.82398,                 1.2601,                0.78011,                0.78216,                 0.8208,                0.54359,                 1.2272,                0.88173,                 1.4878,              0.0014159,              0.0014159,              0.0014159
                     61,                 1.0381,                0.83052,                 1.2547,                0.79391,                0.74997,                0.81451,                0.53461,                 1.2477,                 0.9188,                 1.4796,               0.001406,               0.001406,               0.001406
                     62,                 1.0275,                0.81208,                 1.2574,                0.78167,                0.76455,                 0.8033,                0.53827,                 1.2394,                0.88558,                 1.4913,              0.0013961,              0.0013961,              0.0013961
                     63,                 1.0315,                0.80944,                 1.2641,                0.78883,                0.76672,                0.81202,                0.54015,                 1.2234,                0.87992,                 1.4748,              0.0013862,              0.0013862,              0.0013862
                     64,                 1.0403,                0.83311,                 1.2542,                0.78377,                0.76587,                0.80288,                0.53567,                 1.2207,                0.88451,                 1.4647,              0.0013763,              0.0013763,              0.0013763
                     65,                 1.0407,                0.79579,                 1.2547,                0.79263,                0.77038,                0.80807,                0.54693,                 1.2072,                0.88158,                 1.4675,              0.0013664,              0.0013664,              0.0013664
                     66,                 1.0201,                0.79547,                 1.2397,                0.78477,                0.78816,                0.82433,                0.54617,                 1.2437,                0.87927,                 1.4818,              0.0013565,              0.0013565,              0.0013565
                     67,                 1.0249,                0.79019,                 1.2543,                0.81248,                0.78216,                0.82797,                0.55138,                 1.2209,                0.87213,                 1.4638,              0.0013466,              0.0013466,              0.0013466
                     68,                 1.0093,                0.79364,                 1.2408,                0.80523,                0.77702,                0.82518,                0.55957,                 1.1986,                0.87113,                 1.4339,              0.0013367,              0.0013367,              0.0013367
                     69,                  1.032,                0.80611,                 1.2598,                0.78872,                0.78758,                0.82467,                0.54296,                 1.2476,                0.85134,                 1.4907,              0.0013268,              0.0013268,              0.0013268
                     70,                 1.0056,                0.81539,                 1.2453,                0.77856,                 0.7693,                0.80668,                 0.5412,                 1.2124,                0.88879,                 1.4555,              0.0013169,              0.0013169,              0.0013169
                     71,                 1.0055,                0.78293,                 1.2399,                0.80835,                 0.7693,                0.81833,                0.54775,                 1.2286,                0.85453,                 1.4946,               0.001307,               0.001307,               0.001307
                     72,                0.99785,                0.77919,                 1.2337,                0.76924,                0.77702,                0.80512,                0.53557,                 1.2234,                0.86996,                 1.4917,              0.0012971,              0.0012971,              0.0012971
                     73,                0.98581,                0.77813,                 1.2307,                0.80874,                0.75792,                0.82168,                0.55305,                 1.2306,                 0.8728,                 1.4854,              0.0012872,              0.0012872,              0.0012872
                     74,                 0.9856,                0.75745,                 1.2295,                0.79384,                0.75043,                0.80567,                0.53649,                 1.2233,                0.89586,                 1.4763,              0.0012773,              0.0012773,              0.0012773
                     75,                0.99913,                0.75822,                 1.2318,                0.78704,                0.80103,                0.82699,                0.55698,                 1.2241,                0.84754,                 1.4824,              0.0012674,              0.0012674,              0.0012674
                     76,                0.96811,                0.75439,                 1.2265,                0.79258,                0.77273,                0.80436,                0.54213,                 1.2022,                 0.8672,                 1.4698,              0.0012575,              0.0012575,              0.0012575
                     77,                0.97836,                0.74911,                 1.2227,                0.78382,                0.79417,                0.81574,                0.54424,                 1.2085,                0.87874,                 1.4612,              0.0012476,              0.0012476,              0.0012476
                     78,                0.97156,                0.73737,                 1.2117,                0.79773,                0.78135,                0.82525,                0.54798,                 1.2407,                0.86555,                 1.4753,              0.0012377,              0.0012377,              0.0012377
                     79,                0.96054,                0.72472,                 1.2076,                0.78933,                0.78728,                0.80964,                0.54237,                 1.2161,                0.87024,                 1.4691,              0.0012278,              0.0012278,              0.0012278
                     80,                0.96086,                0.73838,                 1.1967,                0.77954,                0.79588,                0.81559,                0.55067,                 1.2042,                0.85868,                 1.4793,              0.0012179,              0.0012179,              0.0012179
                     81,                0.96348,                0.73438,                 1.2186,                0.77605,                0.80017,                0.82012,                0.55344,                  1.207,                0.86881,                 1.4617,               0.001208,               0.001208,               0.001208
                     82,                0.96453,                0.72967,                 1.2293,                0.79673,                 0.7813,                0.81743,                 0.5485,                 1.2235,                0.85113,                 1.4865,              0.0011981,              0.0011981,              0.0011981
                     83,                0.97671,                0.74338,                 1.2358,                0.78615,                0.78816,                0.82719,                0.55488,                 1.2293,                0.87614,                 1.4838,              0.0011882,              0.0011882,              0.0011882
                     84,                0.95521,                0.70806,                 1.2059,                0.77254,                0.79074,                0.81334,                0.54829,                 1.2035,                 0.8556,                 1.4555,              0.0011783,              0.0011783,              0.0011783
                     85,                 0.9458,                0.71312,                 1.2039,                0.78989,                0.79417,                0.81357,                0.54579,                 1.2149,                0.85842,                 1.4769,              0.0011684,              0.0011684,              0.0011684
                     86,                0.94757,                0.70551,                 1.1999,                0.77443,                0.81853,                0.80887,                0.54784,                 1.1952,                0.86027,                 1.4501,              0.0011585,              0.0011585,              0.0011585
                     87,                0.94328,                0.69865,                 1.1925,                0.78171,                0.78315,                0.81457,                0.55679,                 1.1994,                0.83269,                  1.453,              0.0011486,              0.0011486,              0.0011486
                     88,                 0.9428,                0.69588,                 1.1961,                 0.7818,                0.79894,                0.81766,                0.55382,                  1.216,                0.85603,                  1.465,              0.0011387,              0.0011387,              0.0011387
                     89,                0.94734,                0.70205,                 1.1975,                0.76484,                0.80055,                0.80917,                 0.5447,                 1.2008,                0.86741,                 1.4541,              0.0011288,              0.0011288,              0.0011288
                     90,                 0.9265,                0.68203,                 1.1926,                0.80494,                 0.7916,                0.82181,                0.55671,                 1.2116,                0.81549,                 1.4711,              0.0011189,              0.0011189,              0.0011189
                     91,                0.93067,                 0.6945,                 1.1887,                0.80712,                0.78645,                0.82049,                0.55493,                 1.2014,                0.84084,                 1.4604,               0.001109,               0.001109,               0.001109
                     92,                 0.9435,                0.71861,                 1.1994,                0.82103,                0.78689,                0.82724,                0.56064,                 1.2098,                0.80974,                 1.4714,              0.0010991,              0.0010991,              0.0010991
                     93,                0.93019,                0.68219,                 1.1841,                0.82047,                0.76501,                0.82424,                0.56204,                 1.2025,                0.82472,                 1.4655,              0.0010892,              0.0010892,              0.0010892
                     94,                0.92856,                0.67397,                   1.19,                0.79315,                0.78902,                 0.8115,                0.55369,                 1.2056,                0.87724,                 1.4625,              0.0010793,              0.0010793,              0.0010793
                     95,                0.91333,                0.69926,                 1.1788,                0.80953,                0.76547,                0.81672,                0.55334,                 1.2048,                0.85577,                  1.467,              0.0010694,              0.0010694,              0.0010694
                     96,                0.95088,                0.72719,                 1.1908,                0.81398,                0.78731,                0.81605,                0.55446,                 1.2212,                0.84463,                 1.4717,              0.0010595,              0.0010595,              0.0010595
                     97,                0.92078,                0.65628,                 1.1898,                0.82349,                0.78426,                0.81641,                0.55774,                  1.232,                0.86904,                 1.4939,              0.0010496,              0.0010496,              0.0010496
                     98,                0.90942,                0.66078,                 1.1734,                0.82716,                0.77273,                0.82566,                0.56395,                 1.2042,                0.84983,                 1.4755,              0.0010397,              0.0010397,              0.0010397
                     99,                0.90758,                0.67247,                 1.1668,                0.80834,                0.78302,                0.82332,                0.56316,                  1.202,                0.83237,                 1.4661,              0.0010298,              0.0010298,              0.0010298
                    100,                0.90171,                0.65778,                 1.1703,                0.77378,                0.82075,                0.81725,                0.55762,                 1.1908,                0.80146,                 1.4643,              0.0010199,              0.0010199,              0.0010199
                    101,                 0.9315,                0.65869,                 1.1972,                0.80589,                0.79331,                0.81548,                0.55445,                 1.2002,                0.83107,                 1.4572,                0.00101,                0.00101,                0.00101
                    102,                 0.9116,                0.74127,                 1.1758,                0.82241,                0.78731,                0.82145,                0.56023,                  1.204,                0.82446,                 1.4768,              0.0010001,              0.0010001,              0.0010001
                    103,                0.91564,                0.69615,                 1.1942,                0.80393,                0.79824,                 0.8148,                0.55636,                 1.2051,                 0.8185,                 1.4838,              0.0009902,              0.0009902,              0.0009902
                    104,                0.92446,                0.68909,                  1.215,                0.81497,                0.79331,                0.81869,                0.55423,                 1.2276,                0.83719,                 1.4853,              0.0009803,              0.0009803,              0.0009803
                    105,                0.89895,                0.65342,                 1.1658,                 0.8224,                0.79245,                0.81986,                0.55314,                 1.2133,                0.84486,                 1.4825,              0.0009704,              0.0009704,              0.0009704
                    106,                0.88369,                 0.6329,                 1.1573,                0.80809,                0.78816,                0.81734,                0.55625,                 1.2077,                0.83495,                 1.4915,              0.0009605,              0.0009605,              0.0009605
                    107,                0.88923,                0.63414,                 1.1602,                0.81046,                0.79245,                0.81598,                0.55348,                 1.2121,                0.85598,                 1.4794,              0.0009506,              0.0009506,              0.0009506
                    108,                0.89255,                 0.6583,                 1.1715,                 0.8153,                0.79417,                0.81216,                0.54954,                 1.2283,                0.83951,                 1.4832,              0.0009407,              0.0009407,              0.0009407
                    109,                0.87375,                0.64518,                 1.1551,                0.81636,                0.79299,                0.83368,                0.56368,                 1.2298,                0.81999,                 1.4844,              0.0009308,              0.0009308,              0.0009308
                    110,                0.87576,                0.62824,                 1.1549,                0.82296,                 0.7854,                0.81931,                0.55562,                 1.2002,                0.84663,                 1.4701,              0.0009209,              0.0009209,              0.0009209
                    111,                 0.8628,                 0.6223,                 1.1489,                0.81174,                0.78397,                0.81339,                0.55488,                 1.2154,                0.82344,                 1.4941,               0.000911,               0.000911,               0.000911
                    112,                0.88132,                0.62745,                 1.1682,                0.79423,                0.80017,                0.82208,                0.56214,                 1.2353,                0.85156,                 1.5079,              0.0009011,              0.0009011,              0.0009011
                    113,                0.86934,                0.62977,                 1.1499,                0.80591,                0.79674,                0.81946,                0.55395,                 1.2309,                0.85542,                 1.5066,              0.0008912,              0.0008912,              0.0008912
                    114,                0.85541,                0.62417,                 1.1493,                0.81506,                0.79331,                0.82373,                0.55864,                 1.2296,                 0.8459,                 1.4883,              0.0008813,              0.0008813,              0.0008813
                    115,                0.86617,                0.61215,                 1.1405,                0.82266,                0.78773,                0.81814,                0.55929,                 1.2156,                0.84948,                 1.5017,              0.0008714,              0.0008714,              0.0008714
                    116,                0.89298,                0.62607,                 1.1949,                0.80123,                0.80202,                0.82168,                  0.558,                 1.2207,                0.81778,                 1.4971,              0.0008615,              0.0008615,              0.0008615
                    117,                0.85396,                0.60385,                 1.1411,                0.82981,                0.78615,                0.82321,                0.55688,                 1.2176,                0.83206,                 1.4787,              0.0008516,              0.0008516,              0.0008516
                    118,                0.86916,                0.60593,                 1.1499,                0.80556,                0.79588,                0.81881,                0.56146,                 1.2129,                0.84465,                  1.488,              0.0008417,              0.0008417,              0.0008417
                    119,                0.85171,                0.61898,                 1.1349,                0.81231,                0.79801,                0.82476,                0.56424,                 1.2212,                0.85028,                  1.481,              0.0008318,              0.0008318,              0.0008318
                    120,                0.84726,                 0.6057,                 1.1462,                0.81309,                0.79074,                0.81508,                0.55433,                 1.2158,                0.83553,                 1.4816,              0.0008219,              0.0008219,              0.0008219
                    121,                0.85385,                0.62749,                 1.1416,                0.80811,                0.80902,                0.81767,                0.55923,                 1.2091,                0.83611,                 1.4907,               0.000812,               0.000812,               0.000812
                    122,                0.83469,                 0.5953,                 1.1307,                0.79901,                 0.8046,                0.82208,                0.56518,                 1.2024,                0.82759,                 1.4705,              0.0008021,              0.0008021,              0.0008021
                    123,                0.87942,                0.61939,                 1.1623,                0.83757,                0.78275,                0.81932,                0.55927,                 1.2041,                0.85082,                  1.482,              0.0007922,              0.0007922,              0.0007922
                    124,                0.82865,                0.58896,                 1.1315,                0.82204,                 0.7916,                0.81544,                0.55263,                 1.2103,                0.82932,                 1.4938,              0.0007823,              0.0007823,              0.0007823
                    125,                0.82455,                0.57938,                 1.1198,                 0.8096,                0.79498,                0.82405,                0.56877,                 1.1982,                0.84577,                 1.4729,              0.0007724,              0.0007724,              0.0007724
                    126,                0.83558,                0.57786,                 1.1179,                0.81301,                0.79846,                0.82476,                0.56672,                 1.1967,                 0.8543,                 1.4843,              0.0007625,              0.0007625,              0.0007625
                    127,                0.83333,                0.57894,                 1.1249,                0.79102,                0.81389,                0.81719,                0.56088,                 1.2198,                0.86472,                 1.4931,              0.0007526,              0.0007526,              0.0007526
                    128,                0.82633,                0.59737,                 1.1163,                0.80458,                0.78645,                0.81797,                0.56505,                 1.2146,                0.83601,                 1.4791,              0.0007427,              0.0007427,              0.0007427
                    129,                0.83514,                0.58595,                 1.1367,                0.83675,                0.77101,                0.80931,                0.55657,                 1.2226,                0.86038,                 1.4852,              0.0007328,              0.0007328,              0.0007328
                    130,                0.84399,                0.58687,                 1.1357,                0.81856,                0.80091,                0.81902,                0.56525,                 1.2172,                0.85725,                 1.4899,              0.0007229,              0.0007229,              0.0007229
                    131,                0.80339,                0.55944,                 1.1041,                0.82831,                0.80532,                0.82122,                 0.5656,                 1.2231,                0.83941,                 1.4979,               0.000713,               0.000713,               0.000713
                    132,                0.82452,                0.58956,                  1.116,                0.82943,                0.78822,                 0.8171,                0.55778,                  1.209,                0.84611,                 1.4818,              0.0007031,              0.0007031,              0.0007031
                    133,                0.81871,                0.57519,                 1.1193,                0.81169,                0.80587,                0.81715,                0.56022,                 1.2216,                0.85435,                    1.5,              0.0006932,              0.0006932,              0.0006932
                    134,                0.81378,                0.56448,                 1.1136,                0.82152,                0.80189,                0.81835,                0.56007,                 1.2191,                0.82931,                 1.4951,              0.0006833,              0.0006833,              0.0006833
                    135,                0.80043,                0.57004,                 1.1118,                0.83304,                0.79846,                0.82465,                0.56594,                 1.2283,                0.84382,                 1.5063,              0.0006734,              0.0006734,              0.0006734
                    136,                0.81308,                0.56634,                 1.1113,                0.82334,                0.78816,                0.81409,                  0.557,                 1.2317,                0.83809,                 1.5086,              0.0006635,              0.0006635,              0.0006635
                    137,                0.80585,                0.58518,                 1.1153,                0.81951,                0.79438,                0.81685,                0.55705,                 1.2087,                0.84155,                 1.4992,              0.0006536,              0.0006536,              0.0006536
                    138,                0.78996,                0.56503,                 1.1032,                0.80917,                0.81046,                0.82117,                0.56671,                 1.2039,                0.82726,                 1.4888,              0.0006437,              0.0006437,              0.0006437
                    139,                0.80254,                0.56414,                  1.116,                0.80697,                0.80532,                0.81612,                 0.5617,                 1.2126,                0.82922,                 1.4962,              0.0006338,              0.0006338,              0.0006338
                    140,                0.78999,                0.56068,                 1.1069,                0.82837,                0.78647,                0.81714,                0.56024,                 1.2217,                0.83125,                  1.509,              0.0006239,              0.0006239,              0.0006239
                    141,                0.82206,                0.56523,                 1.1275,                 0.8287,                0.79417,                0.81942,                0.56283,                 1.2262,                 0.8229,                 1.5249,               0.000614,               0.000614,               0.000614
                    142,                0.79783,                0.66537,                 1.1027,                0.82525,                0.78302,                0.81813,                 0.5605,                 1.2132,                0.85384,                  1.504,              0.0006041,              0.0006041,              0.0006041
                    143,                0.80346,                0.56723,                 1.1113,                0.81667,                0.78902,                0.81397,                0.55858,                 1.2069,                0.84725,                 1.4979,              0.0005942,              0.0005942,              0.0005942
                    144,                 0.7744,                0.54242,                 1.0929,                 0.7982,                0.79377,                0.81426,                0.55899,                 1.2092,                0.83953,                 1.5056,              0.0005843,              0.0005843,              0.0005843
                    145,                0.79049,                0.54907,                 1.1102,                0.81992,                0.78878,                0.81641,                0.55877,                 1.2125,                0.84624,                 1.5203,              0.0005744,              0.0005744,              0.0005744
                    146,                0.78927,                0.54717,                 1.1027,                0.83237,                0.77507,                0.82033,                0.56258,                 1.2037,                0.84449,                 1.5039,              0.0005645,              0.0005645,              0.0005645
                    147,                0.77714,                0.54133,                 1.0987,                0.82976,                0.79844,                 0.8117,                0.55539,                 1.2071,                0.85418,                 1.5058,              0.0005546,              0.0005546,              0.0005546
                    148,                0.76616,                0.53337,                 1.0921,                0.83848,                0.78559,                 0.8114,                0.55539,                 1.2237,                 0.8476,                 1.5322,              0.0005447,              0.0005447,              0.0005447
                    149,                0.75556,                0.56502,                 1.0709,                0.83131,                0.79456,                0.81599,                0.56172,                 1.2082,                0.83208,                 1.5114,              0.0005348,              0.0005348,              0.0005348
                    150,                0.77385,                0.53423,                 1.0951,                0.83943,                0.78902,                0.82235,                0.56877,                 1.2102,                0.84047,                 1.5212,              0.0005249,              0.0005249,              0.0005249
                    151,                0.76299,                0.52969,                 1.0863,                0.82582,                0.80274,                0.82129,                0.56535,                 1.2142,                0.83799,                 1.5169,               0.000515,               0.000515,               0.000515
                    152,                 0.7756,                0.53473,                 1.0918,                0.83715,                0.78917,                0.82252,                0.56627,                 1.2215,                0.83438,                  1.517,              0.0005051,              0.0005051,              0.0005051
                    153,                0.78744,                0.54208,                  1.111,                0.82919,                0.79936,                0.82643,                 0.5712,                 1.2038,                0.82113,                 1.4989,              0.0004952,              0.0004952,              0.0004952
                    154,                0.76824,                0.53364,                 1.0861,                0.83611,                0.79588,                0.82327,                0.56704,                 1.2085,                0.83298,                 1.5169,              0.0004853,              0.0004853,              0.0004853
                    155,                0.76266,                0.53268,                 1.0901,                0.82364,                0.80017,                0.81432,                0.55771,                 1.2148,                0.84794,                 1.5191,              0.0004754,              0.0004754,              0.0004754
                    156,                0.76939,                0.53499,                 1.0857,                0.81303,                0.80925,                0.81745,                0.56229,                 1.2182,                0.85954,                 1.5263,              0.0004655,              0.0004655,              0.0004655
                    157,                0.75332,                0.51909,                 1.0842,                0.82197,                0.79589,                0.81178,                0.56136,                 1.2151,                0.84865,                 1.5214,              0.0004556,              0.0004556,              0.0004556
                    158,                0.76243,                0.52386,                 1.0884,                0.82182,                0.80693,                0.81806,                0.56532,                 1.2133,                0.84487,                 1.5262,              0.0004457,              0.0004457,              0.0004457
                    159,                0.76663,                0.52748,                 1.0923,                0.82724,                0.78731,                0.81738,                 0.5605,                 1.2154,                0.84954,                 1.5269,              0.0004358,              0.0004358,              0.0004358
                    160,                0.75484,                0.51887,                 1.0871,                0.80422,                0.81732,                0.81213,                0.55954,                 1.2154,                0.84271,                 1.5271,              0.0004259,              0.0004259,              0.0004259
                    161,                0.76135,                0.51918,                 1.0783,                0.82304,                0.79588,                0.81505,                0.55859,                 1.2251,                0.85686,                 1.5327,               0.000416,               0.000416,               0.000416
                    162,                0.75185,                0.52553,                 1.0905,                0.81779,                0.79503,                0.81021,                0.55225,                 1.2282,                0.85092,                 1.5299,              0.0004061,              0.0004061,              0.0004061
                    163,                0.74415,                0.51049,                  1.084,                0.84427,                 0.7811,                0.82057,                0.56204,                 1.2227,                0.83799,                 1.5391,              0.0003962,              0.0003962,              0.0003962
                    164,                0.75379,                 0.5208,                 1.0911,                0.83333,                0.79245,                0.81894,                0.56517,                  1.213,                0.84568,                  1.515,              0.0003863,              0.0003863,              0.0003863
                    165,                0.74213,                0.52055,                 1.0768,                0.84188,                0.78388,                0.82029,                0.56425,                 1.2136,                0.83239,                 1.5235,              0.0003764,              0.0003764,              0.0003764
                    166,                0.73932,                0.50828,                  1.077,                0.82371,                 0.7976,                0.82013,                0.56519,                 1.2286,                0.83087,                  1.541,              0.0003665,              0.0003665,              0.0003665
                    167,                0.73633,                0.50417,                 1.0771,                0.83091,                0.80103,                0.81873,                0.56117,                 1.2258,                0.84465,                 1.5406,              0.0003566,              0.0003566,              0.0003566
                    168,                0.73879,                0.51464,                 1.0785,                0.81851,                0.79245,                0.81598,                0.56009,                 1.2272,                0.84383,                 1.5487,              0.0003467,              0.0003467,              0.0003467
                    169,                0.73834,                 0.5015,                 1.0792,                0.82843,                0.79509,                 0.8143,                0.55859,                 1.2276,                0.84023,                 1.5457,              0.0003368,              0.0003368,              0.0003368
                    170,                0.72948,                 0.5067,                 1.0727,                 0.8345,                0.78559,                0.81779,                0.56011,                 1.2232,                0.84491,                 1.5389,              0.0003269,              0.0003269,              0.0003269
                    171,                0.72886,                0.50115,                 1.0684,                0.81054,                0.80355,                0.81338,                0.56101,                 1.2188,                0.83634,                 1.5325,               0.000317,               0.000317,               0.000317
                    172,                 0.7351,                0.49943,                 1.0803,                0.82504,                0.80076,                0.81423,                0.56096,                 1.2218,                0.83835,                  1.533,              0.0003071,              0.0003071,              0.0003071
                    173,                 0.7306,                0.49845,                 1.0698,                0.82114,                0.80274,                0.81788,                0.56194,                 1.2238,                0.84796,                 1.5377,              0.0002972,              0.0002972,              0.0002972
                    174,                0.71548,                 0.4879,                 1.0621,                0.82955,                0.79931,                0.81877,                0.55919,                 1.2306,                0.84467,                 1.5451,              0.0002873,              0.0002873,              0.0002873
                    175,                0.72116,                0.49628,                 1.0718,                0.82291,                0.80703,                0.81589,                0.56174,                  1.227,                0.84675,                 1.5415,              0.0002774,              0.0002774,              0.0002774
                    176,                0.70082,                0.68668,                 1.0436,                0.82274,                0.80409,                0.81508,                 0.5618,                 1.2272,                0.85137,                 1.5408,              0.0002675,              0.0002675,              0.0002675
                    177,                0.71412,                0.48117,                 1.0631,                0.82676,                0.80017,                 0.8175,                0.56347,                 1.2294,                0.84569,                 1.5469,              0.0002576,              0.0002576,              0.0002576
                    178,                0.72456,                0.52597,                 1.0828,                0.82361,                0.80617,                 0.8179,                0.56474,                 1.2209,                0.83889,                 1.5399,              0.0002477,              0.0002477,              0.0002477
                    179,                0.71939,                0.49827,                 1.0652,                0.82003,                0.80111,                0.81737,                0.56655,                 1.2206,                0.84699,                 1.5405,              0.0002378,              0.0002378,              0.0002378
                    180,                0.70419,                0.48345,                 1.0534,                0.83056,                0.79931,                0.81551,                0.56589,                 1.2122,                0.84309,                 1.5309,              0.0002279,              0.0002279,              0.0002279
                    181,                0.73095,                0.51598,                 1.0925,                0.83717,                0.79846,                0.82137,                0.57074,                 1.2153,                0.83705,                 1.5391,               0.000218,               0.000218,               0.000218
                    182,                0.71622,                0.48859,                 1.0626,                0.82994,                0.80778,                0.82025,                0.56905,                  1.212,                0.84043,                 1.5351,              0.0002081,              0.0002081,              0.0002081
                    183,                0.73186,                0.48427,                 1.0814,                0.82136,                0.81234,                0.81872,                 0.5672,                 1.2161,                0.83466,                 1.5403,              0.0001982,              0.0001982,              0.0001982
                    184,                 0.7089,                 0.4815,                 1.0582,                0.83411,                0.79674,                0.81906,                  0.568,                 1.2196,                0.83239,                   1.54,              0.0001883,              0.0001883,              0.0001883
                    185,                0.70361,                0.47938,                  1.055,                0.82957,                0.80532,                0.81944,                0.56677,                 1.2243,                0.83339,                  1.544,              0.0001784,              0.0001784,              0.0001784
                    186,                0.70182,                0.47892,                 1.0559,                0.83703,                0.79588,                 0.8187,                0.56546,                 1.2259,                0.83521,                 1.5507,              0.0001685,              0.0001685,              0.0001685
                    187,                 0.6975,                0.47489,                 1.0562,                0.84069,                0.78748,                0.81891,                0.56555,                 1.2263,                0.83159,                 1.5512,              0.0001586,              0.0001586,              0.0001586
                    188,                 0.7144,                 0.5641,                 1.0744,                 0.8278,                0.80805,                0.81954,                0.56597,                 1.2285,                0.83273,                 1.5535,              0.0001487,              0.0001487,              0.0001487
                    189,                 0.7136,                0.50034,                 1.0922,                0.82099,                0.81132,                0.81945,                0.56728,                 1.2238,                0.83022,                  1.549,              0.0001388,              0.0001388,              0.0001388
                    190,                0.61415,                0.37769,                 1.0217,                 0.8106,                0.81475,                0.81719,                0.56513,                   1.22,                0.82816,                 1.5532,              0.0001289,              0.0001289,              0.0001289
                    191,                0.61172,                0.35788,                 1.0181,                0.81803,                0.80576,                 0.8142,                0.56138,                 1.2163,                 0.8312,                 1.5528,               0.000119,               0.000119,               0.000119
                    192,                0.61448,                0.35156,                 1.0183,                0.81822,                0.80274,                0.81447,                0.56195,                 1.2119,                0.83339,                 1.5468,              0.0001091,              0.0001091,              0.0001091
                    193,                0.60477,                0.34131,                 1.0332,                0.82277,                0.80027,                0.81346,                0.56132,                 1.2145,                 0.8402,                 1.5484,               9.92e-05,               9.92e-05,               9.92e-05
                    194,                0.59394,                0.34839,                 1.0085,                0.81293,                 0.8036,                0.81427,                0.56225,                 1.2133,                0.84276,                 1.5482,               8.93e-05,               8.93e-05,               8.93e-05
                    195,                0.58236,                0.34206,                 1.0076,                0.81373,                0.80925,                0.81488,                0.56165,                 1.2132,                0.84389,                 1.5498,               7.94e-05,               7.94e-05,               7.94e-05
                    196,                0.59296,                 0.3354,                 1.0026,                 0.8155,                0.80789,                 0.8164,                0.56253,                 1.2148,                0.84894,                 1.5515,               6.95e-05,               6.95e-05,               6.95e-05
                    197,                 0.5816,                0.32617,                0.99677,                0.82635,                0.79846,                0.81608,                0.56218,                 1.2136,                0.84863,                 1.5524,               5.96e-05,               5.96e-05,               5.96e-05
                    198,                0.57343,                0.33489,                0.99789,                0.82243,                0.80637,                0.81593,                0.56254,                 1.2146,                0.84987,                 1.5559,               4.97e-05,               4.97e-05,               4.97e-05
                    199,                0.58353,                0.33887,                 1.0029,                0.81965,                0.81304,                0.81607,                0.56382,                 1.2156,                0.84981,                 1.5579,               3.98e-05,               3.98e-05,               3.98e-05
